Region	Population	Run Accession	Sample ID	HLA-A 1	HLA-A 2	HLA-B 1	HLA-B 2	HLA-C 1	HLA-C 2	HLA-DQB1 1	HLA-DQB1 2	HLA-DRB1 1	HLA-DRB1 2
EUR	CEU	SRR233141	NA12400	03:01	32:01	44:02	44:02	05:01	16:04	03:01	05:03	11:01	14:54
EUR	CEU	SRR098343	NA12843	03:01	03:01	07:02	07:02	07:02	07:02	02:01	06:02	03:01	15:01
EUR	CEU	SRR098344	NA11930	02:01	24:02	13:02	13:02	06:02	06:02	02:02*	06:02	07:01	15:01
EUR	CEU	SRR098346	NA12341	02:01	31:01	40:01	44:03	03:04	16:01	02:02	03:02	04:04	07:01
EUR	CEU	SRR098347	NA12342	01:01	01:01	08:01	08:01	07:01	07:01	02:01	03:02	03:01	04:04
EUR	CEU	SRR098361	NA11843	02:01	11:01	15:01	51:01	03:04	15:02	03:01	03:02	04:01	04:04
EUR	CEU	SRR098366	NA12748	02:01	02:01	14:01	44:02	05:01	08:02	02:02	03:02	04:01	07:01
EUR	CEU	SRR098373	NA06984	01:01	03:01	35:03	57:01	04:01	06:02	03:02	03:03	04:03	07:01
EUR	CEU	SRR098378	NA12340	01:01	03:01	07:02	08:01	07:01	07:02	05:01	06:02	01:02	15:01
EUR	CEU	SRR098395	NA12830	02:01	32:01	38:01	40:01	03:04	12:03	05:01	06:03	01:01	13:01
EUR	CEU	SRR1517938	NA12878	01:01	11:01	08:01	56:01	01:02	07:01	02:01	05:01	01:01	03:01
EUR	CEU	SRR764690	NA07357	01:01	24:02	08:01	39:06	07:01	07:02	02:01	03:02	03:01	04:04
