Region	Population	Sample_ID	HLA_A_1	HLA_A_2	HLA_B_1	HLA_B_2	HLA_C_1	HLA_C_2	HLA_DQB1_1	HLA_DQB1_2	HLA_DRB1_1	HLA_DRB1_2
EUR	CEU	NA07037	30:01	31:01	15:10	40:01	03:04	03:04			13:02	04:04
EUR	CEU	NA11893	02:01	02:01	15:01	44:02	03:04	05:01			04:01	04:01
EUR	CEU	NA11894	01:01	24:02	08:01	55:01	03:03	07:01			03:01	15:01
EUR	CEU	NA11931	02:01	03:01	07:02	44:02	07:02	05:01			03:01	15:01
EUR	CEU	NA11932	03:01	03:01	57:01	44:02	06:02	05:01	03:01	03:03	04:01	07:01
EUR	CEU	NA11933	32:01	68:01	35:08	44:03	04:01	16:01	02:02	06:04/09	13:02	07:01
EUR	CEU	NA12287	02:01	11:01	15:01	51:01*	03:04	15:02			04:01	04:04
EUR	CEU	NA12347	24:02	68:01	40:01	40:02	02:02	03:04	03:03	06:03	13:01	07:01
EUR	CEU	NA12348	02:01	11:01	35:01	57:01	04:01	06:02	03:03	05:01	01:03	07:01
EUR	CEU	NA12383	02:01	02:01	07:02	39:01	07:02	12:03	05:03	06:03	13:01	14:54
EUR	CEU	NA12413	02:01	03:01	07:02	40:01	07:02	14:02	06:02	06:02	15:01	15:01
EUR	CEU	NA12546	01:01	24:02	07:02	57:01	06:02	07:02	03:02	03:02	04:04	07:01
EUR	CEU	NA12749	02:01	03:01	35:01	44:02	04:01	05:01	02:02	05:01	01:01	07:01
EUR	CEU	NA12775	02:01	29:02	40:01	44:03	03:04	16:01	02:02	06:04	13:02	07:01
EUR	CEU	NA12776	02:01	11:01	15:01	40:02	02:02	03:04	03:02/03	06:03/08	13:01	04:01
EUR	CEU	NA12777	03:01	23:01	07:02	44:03	04:09N	07:02	02:02	03:01	04:07	07:01
EUR	CEU	NA12778	02:01	02:01	27:05	40:01	02:02	03:04	03:02	03:02	04:04	04:04
EUR	CEU	NA12827	01:01	02:01	35:41	37:01	04:01	06:02	05:01	05:01	01:03	10:01
EUR	CEU	NA12828	11:01	24:02	44:02	55:01	03:03	07:04	03:02	05:01	01:01	04:04
EUR	CEU	NA12892	02:01	11:01	15:01	56:01	01:02	04:01	05:01	05:01	01:01	01:01
