Region	Population	Run_Accession	Sample_ID	HLA_A_1	HLA_A_2	HLA_B_1	HLA_B_2	HLA_C_1	HLA_C_2	HLA_DQB1_1	HLA_DQB1_2	HLA_DRB1_1	HLA_DRB1_2
EUR	CEU	SRR764693	NA12414	24:02	29:02	15:01	44:03	03:03	16:01	03:01	06:03	13:01	04:01
EUR	CEU	SRR764689	NA07357	01:01	24:02	08:01	39:06	07:01	07:02	02:01	03:02	03:01	04:04
EUR	CEU	SRR742200	NA12046	01:01	02:05	57:01	50:01	06:02	06:02	02:01	02:02*	03:01	07:01
EUR	CEU	SRR702068	NA12155	01:01	02:01	08:01	44:02	07:01	05:01	02:01	03:01	03:01	04:01
EUR	CEU	SRR231268	NA12282	01:01	02:01	08:01	37:01	03:04	06:02	02:01	05:01	03:01	10:01
EUR	CEU	SRR702069	NA12489	02:01	23:01	27:05	44:03	01:02	04:01	02:02	05:01	01:01	07:01
EUR	CEU	SRR702067	NA12154	01:01	31:01	08:01	40:01	03:04	07:01	02:01	03:02	03:01	04:04
EUR	CEU	SRR701475	NA11994	01:01	11:01	07:02	51:01	07:02	15:13*	03:02	03:02	04:02	04:04
EUR	CEU	SRR701474	NA11992	01:01	02:01	08:01	35:01	04:01	07:01	02:01	05:01	01:01	03:01
EUR	CEU	SRR070528	NA06994	02:01	32:01	08:01	40:02	02:02	07:01	03:02	05:01	01:01	04:04
EUR	CEU	SRR070531	NA10847	03:01	25:01	08:01	18:01	07:01*	12:03	05:01	05:01	01:01	01:01
EUR	CEU	SRR071133	NA12275	03:01	23:01	07:02	14:01	07:02	08:02	03:01	06:02	12:01	15:01
EUR	CEU	SRR070525	NA12249	02:01	25:01	40:01	44:02	03:04	05:01	03:02	06:04	13:02	04:01
EUR	CEU	SRR071139	NA12751	01:01	02:01	07:02	08:01	07:01	07:02	02:01	03:01	03:01	04:01
EUR	CEU	SRR070540	NA12272	02:01	68:01	44:02	44:02	07:04	07:04	05:01	05:03	14:54*	10:01
EUR	CEU	SRR071172	NA12717	01:01	02:01	07:02	08:01	07:01	07:02	05:01	05:03	01:01	14:54
EUR	CEU	SRR070809	NA11840	02:01	02:01	27:05*	57:01	02:02	06:02	03:02	03:03	04:04	07:01
EUR	CEU	SRR071132	NA12718	03:01	11:01	07:02	44:03	04:09N	07:02	02:02	04:02	08:01	07:01
EUR	CEU	SRR077752	NA12763	01:01	03:01	07:02	08:01	07:01	07:02	03:01	06:02	01:03	15:01
EUR	CEU	SRR077384	NA12283	02:01	03:01	15:01	57:01	03:03	06:02	03:03	05:01	01:01	07:01
EUR	CEU	SRR077753	NA12761	01:01	24:02	07:02	08:01	07:01	07:02	02:01	06:02	03:01	15:01
EUR	CEU	SRR081229	NA12286	02:01	24:02	13:02	57:01	06:02	06:02	02:02*	03:03	07:01	07:01
EUR	CEU	SRR081251	NA12760	23:01	24:02	44:03	51:01	04:01	14:02	02:02	03:03	07:01	07:01
EUR	CEU	SRR081274	NA12716	02:01	02:01	44:02	49:01	07:01	05:01	03:01	05:01	01:01	04:05
EUR	CEU	SRR098359	NA12891	01:01	24:02	07:02	08:01	07:01	07:02	02:01	06:02	03:01	15:01
EUR	CEU	SRR098417	NA06989	02:01	32:01	15:01	27:05	01:02	05:01	03:01	03:02	11:01	04:01
EUR	CEU	SRR099451	NA12399	01:01	02:05	40:01	49:01	03:04	07:01	03:01	03:02	04:01	04:04
EUR	CEU	SRR099452	NA07048	02:01	02:01	07:02	44:02	07:02	05:01	03:01	06:02	04:01	15:01
EUR	CEU	SRR099453	NA11920	02:01	02:01	44:02	55:01	03:03	05:01	03:01	05:03	14:54*	04:01
EUR	CEU	SRR099455	NA07051	02:01	68:01	07:02	15:01	03:03	07:02	03:01	06:02	04:01	15:01
EUR	CEU	SRR099458	NA11919	02:01	11:01	15:01	57:01	04:01	06:02	03:03	05:01	01:01	07:01
EUR	CEU	SRR107050	NA12889	03:01	03:01	07:02	44:02	07:02	05:01	03:01	06:02	04:01	15:01
EUR	CEU	SRR107048	NA06986	03:01	32:01	44:03	44:03	04:01	16:01	02:02*	02:02*	07:01	07:01
EUR	CEU	SRR189814	NA12890	02:01	03:01	15:01	44:03	03:04	16:01	02:02	03:02	04:01	07:01
EUR	CEU	SRR070544	NA12273	02:01	32:01	35:01	44:02	04:01	07:04	03:01	03:01	11:01	13:05
EUR	CEU	SRR098372	NA07347	26:01	30:02	18:01	44:02	05:01	05:01	02:01	03:01	03:01	11:04
EUR	CEU	SRR099456	NA12045	02:01	11:01	35:01	44:02	04:01	05:01	05:03	06:03	13:01	14:54*
EUR	CEU	SRR099457	NA12058	02:01	03:01	35:03*	40:01	03:04	04:01*	03:02	04:02	08:01	04:04
EUR	CEU	SRR107049	NA12842	01:01	11:01	08:01	40:01	03:04	07:01	02:01	05:03	03:01	14:54
EUR	CEU	SRR107047	NA11918	01:01	02:01	07:02	44:02	07:01	05:01	03:01	06:02	04:01	15:01
EUR	CEU	SRR766061	NA12003	02:01	02:01	08:01	13:02	06:02	07:01	03:02	06:02	04:01	15:01
EUR	CEU	SRR766060	NA12044	01:01	02:01	07:02	07:02	07:02	07:02	06:02	06:03	13:01	15:01
EUR	CEU	SRR766059	NA12004	02:01	24:02	07:02	07:02	07:02	07:02	05:01	06:02	01:01	15:01
EUR	CEU	SRR766058	NA12144	02:01	03:01	35:01	44:02	04:01	07:04	03:01	05:01	01:01	04:07
EUR	CEU	SRR766044	NA10851	01:01	24:02	08:01	40:01	03:04	07:01	03:02	03:03	04:04	07:01
EUR	CEU	SRR766039	NA07000	02:01	68:01	40:01	44:02	03:04	07:04	02:01	03:01	03:01	11:01
EUR	CEU	SRR766026	NA11830	02:01	02:01	14:01	14:02	08:02	08:02	02:02*	03:01	13:03	07:01
EUR	CEU	SRR766021	NA11881	03:01	26:01	07:02	07:02	07:02	07:02	06:02	06:02	15:01	15:01
EUR	CEU	SRR766010	NA11995	01:01	01:01	08:01	57:01	06:02	07:01	06:02	06:03	13:01	15:01
EUR	CEU	SRR766003	NA11832	02:01	32:01	27:05*	40:02	02:02	07:04	06:02	06:03	13:01	15:01
EUR	CEU	SRR764718	NA07056	01:01	02:01	08:01	57:01	06:02	07:01	02:01	03:03	03:01	07:01
EUR	CEU	SRR764692	NA12874	02:01/06/30	24:02/20	35:01	51:01	04:01	14:02	04:02	05:02	08:01	16:01
EUR	CEU	SRR764691	NA12156	01:01	11:01	50:01	51:01	06:06*	15:02	02:02*	03:01	04:07	07:01
EUR	CEU	SRR764690	NA07357	01:01	24:02	08:01	39:06	07:01	07:02	02:01	03:02	03:01	04:04
EUR	CEU	SRR718078	NA12813	24:02	29:02	57:01	44:03	06:02	16:01	02:02	03:03	07:01	07:01
EUR	CEU	SRR718076	NA12762	02:01	02:01	44:02	51:01	05:01	14:02	03:02	04:02	08:01	04:01
EUR	CEU	SRR718067	NA12005	02:01	29:02	07:02	27:05*	01:02	07:02	06:02	06:02	15:01	15:01
EUR	CEU	SRR716647	NA12872	01:01	03:01	08:01	14:02	07:01	08:02	02:01	03:02	03:01	04:01
EUR	CEU	SRR716646	NA12815	01:01	24:02	08:01	55:01	07:01	07:02	03:01	06:03	13:01	04:07
EUR	CEU	SRR716435	NA12234	11:01	32:01	40:02	44:03	15:02	16:01	02:02*	05:03	14:04	07:01
EUR	CEU	SRR716424	NA12043	02:06	26:01	35:01	38:01	04:01	12:03	03:02	05:01	01:01	04:04
EUR	CEU	SRR716422	NA12006	11:01	25:01	15:01	18:01	03:03	12:03	03:02	06:02	04:04	15:01
EUR	CEU	SRR715914	NA12814	02:01	03:01	07:02	07:02	07:02	07:02	05:01	06:02	15:02	15:10
EUR	CEU	SRR715913	NA12812	02:01	02:01	44:02	44:02	05:01	05:01	03:01	06:03	13:01	04:01
EUR	CEU	SRR710128	NA11829	02:01	02:01	15:01	44:02	03:04	05:01	03:01	03:02	04:01	04:01
EUR	CEU	SRR709975	NA11831	01:01	03:01	07:02	08:01	07:01	07:02	02:01	06:02	03:01	15:01
EUR	CEU	SRR709972	NA06985	02:01	03:01	07:02	57:01	06:02	07:02	06:02	06:02	15:01	15:01
EUR	CEU	SRR707191	NA11993	26:01	29:02	44:02	44:03	05:01	16:01	05:01	06:02	01:01	15:01
EUR	CEU	SRR702070	NA12873	03:01	24:02	07:02	39:06	07:02	07:02	06:02	06:02	15:01	15:01
NA	GIAB (HG0002)	SRR2962669	NA24385	A*01:01:01G	A*26:01:01G	B*35:08:01G	B*38:01:01G	C*04:01:01G	C*12:03:01G	DQB1*05:01:01G	DQB1*03:02:01G	DRB1*10:01:01G	DRB1*04:02:01 
NA	Platinum_Genomes	ERR194147	NA12878	01:01	11:01	08:01	56:01	01:02	07:01	02:01	05:01	01:01	03:01
NA	Platinum_Genomes	ERR194160	NA12891	01:01	24:02	07:02	08:01	07:01	07:02	02:01	06:02	03:01	15:01
NA	Platinum_Genomes	ERR194161	NA12892	02:01	11:01	15:01	56:01	01:02	04:01	05:01	05:01	01:01	01:01
